<?xml version="1.0" encoding="UTF-8"?>
<metadata xml:lang="en">
	<Esri>
		<CreaDate>20240523</CreaDate>
		<CreaTime>13182800</CreaTime>
		<ArcGISFormat>1.0</ArcGISFormat>
		<SyncOnce>FALSE</SyncOnce>
		<DataProperties>
			<itemProps>
				<itemName Sync="TRUE">CensusBlockGroups</itemName>
				<imsContentType>002</imsContentType>
				<nativeExtBox><westBL Sync="TRUE">-13881936.271800</westBL><eastBL Sync="TRUE">-12964632.517300</eastBL><southBL Sync="TRUE">5159794.277500</southBL><northBL Sync="TRUE">5828411.148000</northBL><exTypeCode Sync="TRUE">1</exTypeCode></nativeExtBox></itemProps>
			<coordRef>
				<type Sync="TRUE">Projected</type>
				<geogcsn Sync="TRUE">GCS_WGS_1984</geogcsn>
				<csUnits Sync="TRUE">Linear Unit: Meter (1.000000)</csUnits>
				<projcsn Sync="TRUE">WGS_1984_Web_Mercator_Auxiliary_Sphere</projcsn>
				<peXml Sync="TRUE">&lt;ProjectedCoordinateSystem xsi:type='typens:ProjectedCoordinateSystem' xmlns:xsi='http://www.w3.org/2001/XMLSchema-instance' xmlns:xs='http://www.w3.org/2001/XMLSchema' xmlns:typens='http://www.esri.com/schemas/ArcGIS/3.1.0'&gt;&lt;WKT&gt;PROJCS[&amp;quot;WGS_1984_Web_Mercator_Auxiliary_Sphere&amp;quot;,GEOGCS[&amp;quot;GCS_WGS_1984&amp;quot;,DATUM[&amp;quot;D_WGS_1984&amp;quot;,SPHEROID[&amp;quot;WGS_1984&amp;quot;,6378137.0,298.257223563]],PRIMEM[&amp;quot;Greenwich&amp;quot;,0.0],UNIT[&amp;quot;Degree&amp;quot;,0.0174532925199433]],PROJECTION[&amp;quot;Mercator_Auxiliary_Sphere&amp;quot;],PARAMETER[&amp;quot;False_Easting&amp;quot;,0.0],PARAMETER[&amp;quot;False_Northing&amp;quot;,0.0],PARAMETER[&amp;quot;Central_Meridian&amp;quot;,0.0],PARAMETER[&amp;quot;Standard_Parallel_1&amp;quot;,0.0],PARAMETER[&amp;quot;Auxiliary_Sphere_Type&amp;quot;,0.0],UNIT[&amp;quot;Meter&amp;quot;,1.0],AUTHORITY[&amp;quot;EPSG&amp;quot;,3857]]&lt;/WKT&gt;&lt;XOrigin&gt;-20037700&lt;/XOrigin&gt;&lt;YOrigin&gt;-30241100&lt;/YOrigin&gt;&lt;XYScale&gt;10000&lt;/XYScale&gt;&lt;ZOrigin&gt;-100000&lt;/ZOrigin&gt;&lt;ZScale&gt;10000&lt;/ZScale&gt;&lt;MOrigin&gt;-100000&lt;/MOrigin&gt;&lt;MScale&gt;10000&lt;/MScale&gt;&lt;XYTolerance&gt;0.001&lt;/XYTolerance&gt;&lt;ZTolerance&gt;0.001&lt;/ZTolerance&gt;&lt;MTolerance&gt;0.001&lt;/MTolerance&gt;&lt;HighPrecision&gt;true&lt;/HighPrecision&gt;&lt;WKID&gt;102100&lt;/WKID&gt;&lt;LatestWKID&gt;3857&lt;/LatestWKID&gt;&lt;/ProjectedCoordinateSystem&gt;</peXml>
			</coordRef>
		</DataProperties>
		<SyncDate>20230624</SyncDate>
		<SyncTime>14495600</SyncTime>
		<ModDate>20230624</ModDate>
		<ModTime>14495600</ModTime>
	</Esri>
	<mdChar>
		<CharSetCd value="004"/>
	</mdChar>
	<mdHrLv>
		<ScopeCd value="005"/>
	</mdHrLv>
	<mdContact>
		<rpOrgName>U.S. Department of Commerce, U.S. Census Bureau, Geography Division, Spatial Data Collection and Products Branch</rpOrgName>
		<rpCntInfo>
			<cntPhone>
				<voiceNum>301-763-1128</voiceNum>
				<faxNum>301-763-4710</faxNum>
			</cntPhone>
			<cntAddress addressType="postal">
				<delPoint>4600 Silver Hill Road, Stop 7400</delPoint>
				<city>Washington</city>
				<adminArea>DC</adminArea>
				<postCode>20233-7400</postCode>
				<country>US</country>
				<eMailAdd>geo.tiger@census.gov</eMailAdd>
			</cntAddress>
		</rpCntInfo>
		<role>
			<RoleCd value="007"/>
		</role>
	</mdContact>
	<mdDateSt>20200523</mdDateSt>
	<mdStanName>ArcGIS Metadata</mdStanName>
	<mdStanVer>1.0</mdStanVer>
	<distInfo>
		<distributor>
			<distorCont>
				<rpOrgName>U.S. Department of Commerce, U.S. Census Bureau, Geography Division, Spatial Data Collection and Products Branch</rpOrgName>
				<rpCntInfo>
					<cntPhone>
						<voiceNum>301-763-1128</voiceNum>
						<faxNum>301-763-4710</faxNum>
					</cntPhone>
					<cntAddress addressType="postal">
						<delPoint>4600 Silver Hill Road, Stop 7400</delPoint>
						<city>Washington</city>
						<adminArea>DC</adminArea>
						<postCode>20233-7400</postCode>
						<country>US</country>
						<eMailAdd>geo.tiger@census.gov</eMailAdd>
					</cntAddress>
				</rpCntInfo>
				<role>
					<RoleCd value="005"/>
				</role>
			</distorCont>
			<distorOrdPrc>
				<resFees>The online copy of the TIGER/Line files may be accessed without charge.</resFees>
				<ordInstr>To obtain more information about ordering TIGER/Line shapefiles visit http://www.census.gov/geo/www/tiger </ordInstr>
			</distorOrdPrc>
			<distorFormat>
				<formatName>TGRSHP (compressed)</formatName>
				<fileDecmTech>PK-ZIP, version 1.93 A or higher</fileDecmTech>
				<formatTech>The TIGER/Line shapefiles contain geographic data only and do not include display mapping software or statistical data. For information on how to use the TIGER/Line shapefile data with specific software package users shall contact the company that produced the software.</formatTech>
			</distorFormat>
			<distorTran>
				<offLineMed>
					<medName>
						<MedNameCd value="dvd-rom (only if offered offline)"/>
					</medName>
					<medFormat>
						<MedFormCd value="004"/>
					</medFormat>
				</offLineMed>
			</distorTran>
			<distorTran>
				<onLineSrc>
					<linkage>http://www.census.gov/geo/www/tiger</linkage>
				</onLineSrc>
			</distorTran>
		</distributor>
		<distTranOps>
			<onLineSrc>
				<linkage>http://www.census.gov/geo/www/tiger</linkage>
			</onLineSrc>
		</distTranOps>
		<distFormat><formatName Sync="TRUE">File Geodatabase Feature Class</formatName></distFormat></distInfo>
	<dataIdInfo>
		<idCitation>
			<resTitle>Oregon 2020 Census Block Groups</resTitle>
			<date>
				<pubDate>2020</pubDate>
			</date>
			<resEd>2020</resEd>
			<citRespParty>
				<rpOrgName>U.S. Department of Commerce, U.S. Census Bureau, Geography Division, Spatial Data Collection and Products Branch</rpOrgName>
				<role>
					<RoleCd value="006"/>
				</role>
			</citRespParty>
			<citRespParty>
				<rpOrgName>US Census</rpOrgName>
				<rpCntInfo>
					<cntAddress>
						<delPoint>US Census</delPoint>
					</cntAddress>
				</rpCntInfo>
				<role>
					<RoleCd value="010"/>
				</role>
			</citRespParty>
			<presForm>
				<PresFormCd value="005"/>
			</presForm>
			<presForm>
				<fgdcGeoform>vector digital data</fgdcGeoform>
			</presForm>
			<otherCitDet>TIGER/Line Shapefile 2020 state</otherCitDet>
		</idCitation>
		<idAbs>This data layer is an element of the Oregon GIS Framework. The TIGER/Line shapefiles and related database files (.dbf) are an extract of selected geographic and cartographic information from the U.S. Census Bureau's Master Address File / Topologically Integrated Geographic Encoding and Referencing (MAF/TIGER) Database (MTDB).  The MTDB represents a seamless national file with no overlaps or gaps between parts, however, each TIGER/Line shapefile is designed to stand alone as an independent data set, or they can be combined to cover the entire nation.

Block Groups (BGs) are clusters of blocks within the same census tract. Each census tract contains at least one BG, and BGs are uniquely numbered within census tracts.  BGs have a valid code range of 0 through 9. BGs have the same first digit of their 4-digit census block number from the same decennial census.  For example, tabulation blocks numbered 3001, 3002, 3003,.., 3999 within census tract 1210.02 are also within BG 3 within that census tract.  BGs coded 0 are intended to only include water area, no land area, and they are generally in territorial seas, coastal water, and Great Lakes water areas. Block groups generally contain  between 600 and 3,000 people.  A BG usually covers a contiguous area but never crosses county or census tract boundaries. They may, however, cross the boundaries of other geographic entities like county subdivisions, places, urban areas, voting districts, congressional districts, and American Indian / Alaska Native / Native Hawaiian areas. 

The BG boundaries in this release are those that were delineated as part of the Census Bureau's Participant Statistical Areas Program (PSAP) for the 2020 Census. </idAbs>
		<idPurp>In order for others to use the information in the Census MAF/TIGER database in a geographic information system (GIS) or for othergeographic applications, the Census Bureau releases to the public extracts of the database in the form of TIGER/Line Shapefiles.</idPurp>
		<idStatus>
			<ProgCd value="001"/>
		</idStatus>
		<idPoC>
			<rpOrgName>U.S. Department of Commerce, U.S. Census Bureau, Geography Division, Spatial Data Collection and Products Branch</rpOrgName>
			<rpCntInfo>
				<cntPhone>
					<voiceNum>301-763-1128</voiceNum>
					<faxNum>301-763-4710</faxNum>
				</cntPhone>
				<cntAddress addressType="postal">
					<delPoint>4600 Silver Hill Road, Stop 7400</delPoint>
					<city>Washington</city>
					<adminArea>DC</adminArea>
					<postCode>20233-7400</postCode>
					<country>US</country>
					<eMailAdd>geo.tiger@census.gov</eMailAdd>
				</cntAddress>
			</rpCntInfo>
			<role>
				<RoleCd value="007"/>
			</role>
		</idPoC>
		<resMaint>
			<maintFreq>
				<MaintFreqCd value="tiger/line shapefiles are extracted from the census maf/tiger database. no changes or updates will be made to this version of the tiger/line shapefiles. future releases of tiger/line shapefiles will reflect updates made to the census maf/tiger database."/>
			</maintFreq>
		</resMaint>
		<graphOver>
			<bgFileName>http://spatialdata.oregonexplorer.info/Metadata/Thumbnails/ORCensusData2000.gif</bgFileName>
			<bgFileDesc>Generic state census thumbnail</bgFileDesc>
			<bgFileType>GIF</bgFileType>
		</graphOver>
		<placeKeys>
			<keyword>United States</keyword>
			<keyword>U.S.</keyword>
			<keyword>State or Equivalent Entity</keyword>
			<keyword>Oregon</keyword>
			<keyword>OR</keyword>
			<keyword>41</keyword>
			<thesaName>
				<resTitle>INCITS.38-200x (R2004),INCITS.31-200x (R2007),INCITS.454-200x,INCITS 455-200x,INCITS 446-2008</resTitle>
			</thesaName>
		</placeKeys>
		<themeKeys>
			<keyword>boundaries</keyword>
			<thesaName>
				<resTitle>ISO 19115 Topic Categories</resTitle>
			</thesaName>
		</themeKeys>
		<themeKeys>
			<keyword>State or equivalent entity</keyword>
			<keyword>Polygon</keyword>
			<keyword>Block Group</keyword>
			<keyword>Census Block Group</keyword>
			<keyword>ReferenceFramework</keyword>
		</themeKeys>
		<searchKeys>
			<keyword>boundaries</keyword>
			<keyword>State or equivalent entity</keyword>
			<keyword>Polygon</keyword>
			<keyword>Block Group</keyword>
			<keyword>Census Block Group</keyword>
			<keyword>ReferenceFramework</keyword>
			<keyword>United States</keyword>
			<keyword>U.S.</keyword>
			<keyword>State or Equivalent Entity</keyword>
			<keyword>Oregon</keyword>
			<keyword>OR</keyword>
			<keyword>41</keyword>
		</searchKeys>
		<resConst>
			<Consts><useLimit>The TIGER/Line Shapefile products are not copyrighted however TIGER/Line and Census TIGER are registered trademarks of the U.S. Census Bureau. These products are free to use in a product or publication, however acknowledgement must be given to the U.S. Census Bureau as the source. The boundary information in the TIGER/Line Shapefiles are for statistical data collection and tabulation purposes only; their depiction and designation for statistical purposes does not constitute a determination of jurisdictional authority or rights of ownership or entitlement and they are not legal land descriptions.Coordinates in the TIGER/Line shapefiles have six implied decimal places, but the positional accuracy of these coordinates is not as great as the six decimal places suggest.</useLimit>
			</Consts>
		</resConst>
		<resConst>
			<LegConsts>
				<useLimit>No warranty, expressed or implied is made with regard to the accuracy of these data, and no liability is assumed by the U.S. Government in general or the U.S. Census Bureau in specific as to the spatial or attribute accuracy of the data. The act of distribution shall not constitute any such warranty and no responsibility is assumed by the U.S. government in the use of these files. The boundary information in the TIGER/Line Shapefiles is for statistical data collection and tabulation purposes only; their depiction and designation for statistical purposes do not constitute a determination of jurisdictional authority or rights of ownership or entitlement and they are not legal land descriptions.</useLimit>
			</LegConsts>
		</resConst>
		<spatRpType>
			<SpatRepTypCd value="001"/>
		</spatRpType>
		<tpCat>
			<TopicCatCd value="003"/>
		</tpCat>
		<dataExt>
			<geoEle>
				<GeoBndBox>
					<exTypeCode>true</exTypeCode>
					<westBL>-124.703541</westBL>
					<eastBL>-116.463262</eastBL>
					<northBL>46.299099</northBL>
					<southBL>41.991794</southBL>
				</GeoBndBox>
			</geoEle>
		</dataExt>
		<dataExt>
			<exDesc>publication date</exDesc>
			<tempEle>
				<TempExtent>
					<exTemp>
						<TM_Period>
							<tmBegin>2020-01</tmBegin>
							<tmEnd>2020-07</tmEnd>
						</TM_Period>
					</exTemp>
				</TempExtent>
			</tempEle>
			<geoEle/></dataExt>
		<envirDesc Sync="FALSE">Esri ArcGIS 13.1.0.41833</envirDesc><dataLang><languageCode value="eng" Sync="TRUE"/><countryCode value="USA" Sync="TRUE"/></dataLang><dataExt><geoEle><GeoBndBox esriExtentType="search"><exTypeCode Sync="TRUE">1</exTypeCode><westBL Sync="TRUE">-124.703555</westBL><eastBL Sync="TRUE">-116.463275</eastBL><northBL Sync="TRUE">46.299104</northBL><southBL Sync="TRUE">41.992088</southBL></GeoBndBox></geoEle></dataExt></dataIdInfo>
	<dqInfo>
		<dqScope>
			<scpLvl>
				<ScopeCd value="005"/>
			</scpLvl>
		</dqScope>
		<report type="DQQuanAttAcc">
			<measDesc>Accurate against Federal Information Processing Standards (FIPS), FIPS Publication 6-4, and FIPS-55 at the 100% level for the codes and base names. The remaining attribute information has been examined but has not been fully tested for accuracy.</measDesc>
		</report>
		<report type="DQConcConsis">
			<measDesc>The Census Bureau performed automated tests to ensure logical consistency and limits of shapefiles. Segments making up the outer and inner boundaries of a polygon tie end-to-end to completely enclose the area. All polygons are tested for closure. The Census Bureau uses its internally developed geographic update system to enhance and modify spatial and attribute data in the Census MAF/TIGER database. Standard geographic codes, such as FIPS codes for states, counties, municipalities, county subdivisions, places, American Indian/Alaska Native/Native Hawaiian areas, and congressional districts are used when encoding spatial entities. The Census Bureau performed spatial data tests for logical consistency of the codes during the compilation of the original Census MAF/TIGER database files. Most of the codes for geographic entities except states, counties, urban areas, Core Based Statistical Areas (CBSAs), American Indian Areas (AIAs), and congressional districts were provided to the Census Bureau by the USGS, the agency responsible for maintaining FIPS 55. Feature attribute information has been examined but has not been fully tested for consistency. For the TIGER/Line Shapefiles, the Point and Vector Object Count for the G-polygon SDTS Point and Vector Object Type reflects the number of records in the shapefile attribute table. For multi-polygon features, only one attribute record exists for each multi-polygon rather than one attribute record per individual G-polygon component of the multi-polygon feature. TIGER/Line Shapefile multi-polygons are an exception to the G-polygon object type classification. Therefore, when multi-polygons exist in a shapefile, the object count will be less than the actual number of G-polygons.</measDesc>
		</report>
		<report type="DQCompOm">
			<measDesc>Data completeness of the TIGER/Line Shapefiles reflects the contents of the Census MAF/TIGER database at the time the TIGER/Line Shapefiles were created.</measDesc>
		</report>
		<dataLineage>
			<prcStep>
				<stepDesc>TIGER/Line Shapefiles are extracted from the Census MAF/TIGER database by nation, state, county, and entity. Census MAF/TIGER data for all of the aforementioned geographic entities are then distributed among the shapefiles each containing attributes for line, polygon, or landmark geographic data. </stepDesc>
				<stepDateTm>2020</stepDateTm>
				<stepSrc type="used">
					<srcCitatn>
						<resAltTitle>Census MAF/TIGER</resAltTitle>
					</srcCitatn>
				</stepSrc>
			</prcStep>
			<dataSource>
				<srcDesc>The selected geographic and cartographic information (line segments) are derived from the U.S. Census Bureau's Master Address File Topologically Integrated Geographic Encoding and Referencing (MAF/TIGER) database.</srcDesc>
				<srcMedName>
					<MedNameCd value="015"/>
				</srcMedName>
				<srcCitatn>
					<resTitle>Census MAF/TIGER database</resTitle>
					<resAltTitle>MAF/TIGER</resAltTitle>
					<date>
						<pubDate date="inapplicable"/>
					</date>
					<citRespParty>
						<rpOrgName>U.S. Department of Commerce, U.S. Census Bureau, Geography Division, Spatial Data Collection and Products Branch</rpOrgName>
						<role>
							<RoleCd value="006"/>
						</role>
					</citRespParty>
				</srcCitatn>
				<srcExt>
					<exDesc>publication date</exDesc>
					<tempEle>
						<TempExtent>
							<exTemp>
								<TM_Period>
									<tmBegin>2010-01</tmBegin>
									<tmEnd>2010-07</tmEnd>
								</TM_Period>
							</exTemp>
						</TempExtent>
					</tempEle>
				</srcExt>
			</dataSource>
		</dataLineage>
	</dqInfo>
	<spatRepInfo>
		<VectSpatRep><geometObjs Name="CensusBlockGroups"><geoObjTyp><GeoObjTypCd value="002" Sync="TRUE"/></geoObjTyp><geoObjCnt Sync="TRUE">2970</geoObjCnt></geometObjs><topLvl><TopoLevCd value="001" Sync="TRUE"/></topLvl></VectSpatRep></spatRepInfo>
	<spatRepInfo>
		<Indref>Federal Information Processing Standards (FIPS), ANSI, and feature names.</Indref>
		<VectSpatRep><geometObjs Name="CensusBlockGroups"><geoObjTyp><GeoObjTypCd value="002" Sync="TRUE"/></geoObjTyp><geoObjCnt Sync="TRUE">2970</geoObjCnt></geometObjs><topLvl><TopoLevCd value="001" Sync="TRUE"/></topLvl></VectSpatRep></spatRepInfo>
	<eainfo>
		<detailed Name="CensusBlockGroups">
			<enttyp>
				<enttypl>TABBLOCK20.shp</enttypl>
				<enttypd>2020 Census Block State-based</enttypd>
				<enttypds>U.S. Census Bureau</enttypds>
				<enttypt Sync="TRUE">Feature Class</enttypt><enttypc Sync="TRUE">2970</enttypc></enttyp>
			<attr><attrlabl Sync="TRUE">OBJECTID_12</attrlabl><attalias Sync="TRUE">OBJECTID_12</attalias><attrtype Sync="TRUE">OID</attrtype><attwidth Sync="TRUE">4</attwidth><atprecis Sync="TRUE">0</atprecis><attscale Sync="TRUE">0</attscale><attrdef Sync="TRUE">Internal feature number.</attrdef><attrdefs Sync="TRUE">Esri</attrdefs><attrdomv><udom Sync="TRUE">Sequential unique whole numbers that are automatically generated.</udom></attrdomv></attr><attr><attrlabl Sync="TRUE">Shape</attrlabl><attalias Sync="TRUE">Shape</attalias><attrtype Sync="TRUE">Geometry</attrtype><attwidth Sync="TRUE">0</attwidth><atprecis Sync="TRUE">0</atprecis><attscale Sync="TRUE">0</attscale><attrdef Sync="TRUE">Feature geometry.</attrdef><attrdefs Sync="TRUE">Esri</attrdefs><attrdomv><udom Sync="TRUE">Coordinates defining the features.</udom></attrdomv></attr><attr><attrlabl Sync="TRUE">OBJECTID_1</attrlabl><attalias Sync="TRUE">OBJECTID_1</attalias><attrtype Sync="TRUE">Integer</attrtype><attwidth Sync="TRUE">4</attwidth><atprecis Sync="TRUE">0</atprecis><attscale Sync="TRUE">0</attscale></attr><attr><attrlabl Sync="TRUE">STATEFP</attrlabl><attalias Sync="TRUE">STATEFP</attalias><attrtype Sync="TRUE">String</attrtype><attwidth Sync="TRUE">2</attwidth><atprecis Sync="TRUE">0</atprecis><attscale Sync="TRUE">0</attscale></attr><attr><attrlabl Sync="TRUE">COUNTYFP</attrlabl><attalias Sync="TRUE">COUNTYFP</attalias><attrtype Sync="TRUE">String</attrtype><attwidth Sync="TRUE">3</attwidth><atprecis Sync="TRUE">0</atprecis><attscale Sync="TRUE">0</attscale></attr><attr><attrlabl Sync="TRUE">TRACTCE</attrlabl><attalias Sync="TRUE">TRACTCE</attalias><attrtype Sync="TRUE">String</attrtype><attwidth Sync="TRUE">6</attwidth><atprecis Sync="TRUE">0</atprecis><attscale Sync="TRUE">0</attscale></attr><attr><attrlabl Sync="TRUE">BLKGRPCE</attrlabl><attalias Sync="TRUE">BLKGRPCE</attalias><attrtype Sync="TRUE">String</attrtype><attwidth Sync="TRUE">1</attwidth><atprecis Sync="TRUE">0</atprecis><attscale Sync="TRUE">0</attscale></attr><attr><attrlabl Sync="TRUE">GEOID</attrlabl><attalias Sync="TRUE">GEOID</attalias><attrtype Sync="TRUE">String</attrtype><attwidth Sync="TRUE">12</attwidth><atprecis Sync="TRUE">0</atprecis><attscale Sync="TRUE">0</attscale></attr><attr><attrlabl Sync="TRUE">NAMELSAD</attrlabl><attalias Sync="TRUE">NAMELSAD</attalias><attrtype Sync="TRUE">String</attrtype><attwidth Sync="TRUE">13</attwidth><atprecis Sync="TRUE">0</atprecis><attscale Sync="TRUE">0</attscale></attr><attr><attrlabl Sync="TRUE">MTFCC</attrlabl><attalias Sync="TRUE">MTFCC</attalias><attrtype Sync="TRUE">String</attrtype><attwidth Sync="TRUE">5</attwidth><atprecis Sync="TRUE">0</atprecis><attscale Sync="TRUE">0</attscale></attr><attr><attrlabl Sync="TRUE">FUNCSTAT</attrlabl><attalias Sync="TRUE">FUNCSTAT</attalias><attrtype Sync="TRUE">String</attrtype><attwidth Sync="TRUE">1</attwidth><atprecis Sync="TRUE">0</atprecis><attscale Sync="TRUE">0</attscale></attr><attr><attrlabl Sync="TRUE">ALAND</attrlabl><attalias Sync="TRUE">ALAND</attalias><attrtype Sync="TRUE">Double</attrtype><attwidth Sync="TRUE">8</attwidth><atprecis Sync="TRUE">0</atprecis><attscale Sync="TRUE">0</attscale></attr><attr><attrlabl Sync="TRUE">AWATER</attrlabl><attalias Sync="TRUE">AWATER</attalias><attrtype Sync="TRUE">Double</attrtype><attwidth Sync="TRUE">8</attwidth><atprecis Sync="TRUE">0</atprecis><attscale Sync="TRUE">0</attscale></attr><attr><attrlabl Sync="TRUE">INTPTLAT</attrlabl><attalias Sync="TRUE">INTPTLAT</attalias><attrtype Sync="TRUE">String</attrtype><attwidth Sync="TRUE">11</attwidth><atprecis Sync="TRUE">0</atprecis><attscale Sync="TRUE">0</attscale></attr><attr><attrlabl Sync="TRUE">INTPTLON</attrlabl><attalias Sync="TRUE">INTPTLON</attalias><attrtype Sync="TRUE">String</attrtype><attwidth Sync="TRUE">12</attwidth><atprecis Sync="TRUE">0</atprecis><attscale Sync="TRUE">0</attscale></attr><attr><attrlabl Sync="TRUE">GEOCODE</attrlabl><attalias Sync="TRUE">GEOCODE</attalias><attrtype Sync="TRUE">String</attrtype><attwidth Sync="TRUE">254</attwidth><atprecis Sync="TRUE">0</atprecis><attscale Sync="TRUE">0</attscale></attr><attr><attrlabl Sync="TRUE">COUNTY</attrlabl><attalias Sync="TRUE">COUNTY</attalias><attrtype Sync="TRUE">String</attrtype><attwidth Sync="TRUE">254</attwidth><atprecis Sync="TRUE">0</atprecis><attscale Sync="TRUE">0</attscale></attr><attr><attrlabl Sync="TRUE">NAME</attrlabl><attalias Sync="TRUE">NAME</attalias><attrtype Sync="TRUE">String</attrtype><attwidth Sync="TRUE">254</attwidth><atprecis Sync="TRUE">0</atprecis><attscale Sync="TRUE">0</attscale></attr><attr><attrlabl Sync="TRUE">LABEL</attrlabl><attalias Sync="TRUE">LABEL</attalias><attrtype Sync="TRUE">String</attrtype><attwidth Sync="TRUE">254</attwidth><atprecis Sync="TRUE">0</atprecis><attscale Sync="TRUE">0</attscale></attr><attr><attrlabl Sync="TRUE">LOGRECNO</attrlabl><attalias Sync="TRUE">LOGRECNO</attalias><attrtype Sync="TRUE">Double</attrtype><attwidth Sync="TRUE">8</attwidth><atprecis Sync="TRUE">0</atprecis><attscale Sync="TRUE">0</attscale></attr><attr><attrlabl Sync="TRUE">POP20</attrlabl><attalias Sync="TRUE">POP20</attalias><attrtype Sync="TRUE">Double</attrtype><attwidth Sync="TRUE">8</attwidth><atprecis Sync="TRUE">0</atprecis><attscale Sync="TRUE">0</attscale></attr><attr><attrlabl Sync="TRUE">HHPOP20</attrlabl><attalias Sync="TRUE">HHPOP20</attalias><attrtype Sync="TRUE">Double</attrtype><attwidth Sync="TRUE">8</attwidth><atprecis Sync="TRUE">0</atprecis><attscale Sync="TRUE">0</attscale></attr><attr><attrlabl Sync="TRUE">GQPOP20</attrlabl><attalias Sync="TRUE">GQPOP20</attalias><attrtype Sync="TRUE">Double</attrtype><attwidth Sync="TRUE">8</attwidth><atprecis Sync="TRUE">0</atprecis><attscale Sync="TRUE">0</attscale></attr><attr><attrlabl Sync="TRUE">IGQPOP20</attrlabl><attalias Sync="TRUE">IGQPOP20</attalias><attrtype Sync="TRUE">Double</attrtype><attwidth Sync="TRUE">8</attwidth><atprecis Sync="TRUE">0</atprecis><attscale Sync="TRUE">0</attscale></attr><attr><attrlabl Sync="TRUE">NGQPOP20</attrlabl><attalias Sync="TRUE">NGQPOP20</attalias><attrtype Sync="TRUE">Double</attrtype><attwidth Sync="TRUE">8</attwidth><atprecis Sync="TRUE">0</atprecis><attscale Sync="TRUE">0</attscale></attr><attr><attrlabl Sync="TRUE">P20_LT18</attrlabl><attalias Sync="TRUE">P20_LT18</attalias><attrtype Sync="TRUE">Double</attrtype><attwidth Sync="TRUE">8</attwidth><atprecis Sync="TRUE">0</atprecis><attscale Sync="TRUE">0</attscale></attr><attr><attrlabl Sync="TRUE">P20_GE18</attrlabl><attalias Sync="TRUE">P20_GE18</attalias><attrtype Sync="TRUE">Double</attrtype><attwidth Sync="TRUE">8</attwidth><atprecis Sync="TRUE">0</atprecis><attscale Sync="TRUE">0</attscale></attr><attr><attrlabl Sync="TRUE">POPDENS20</attrlabl><attalias Sync="TRUE">POPDENS20</attalias><attrtype Sync="TRUE">Double</attrtype><attwidth Sync="TRUE">8</attwidth><atprecis Sync="TRUE">0</atprecis><attscale Sync="TRUE">0</attscale></attr><attr><attrlabl Sync="TRUE">HU20</attrlabl><attalias Sync="TRUE">HU20</attalias><attrtype Sync="TRUE">Double</attrtype><attwidth Sync="TRUE">8</attwidth><atprecis Sync="TRUE">0</atprecis><attscale Sync="TRUE">0</attscale></attr><attr><attrlabl Sync="TRUE">HU_OCC20</attrlabl><attalias Sync="TRUE">HU_OCC20</attalias><attrtype Sync="TRUE">Double</attrtype><attwidth Sync="TRUE">8</attwidth><atprecis Sync="TRUE">0</atprecis><attscale Sync="TRUE">0</attscale></attr><attr><attrlabl Sync="TRUE">HU_VAC20</attrlabl><attalias Sync="TRUE">HU_VAC20</attalias><attrtype Sync="TRUE">Double</attrtype><attwidth Sync="TRUE">8</attwidth><atprecis Sync="TRUE">0</atprecis><attscale Sync="TRUE">0</attscale></attr><attr><attrlabl Sync="TRUE">PPH20</attrlabl><attalias Sync="TRUE">PPH20</attalias><attrtype Sync="TRUE">Double</attrtype><attwidth Sync="TRUE">8</attwidth><atprecis Sync="TRUE">0</atprecis><attscale Sync="TRUE">0</attscale></attr><attr><attrlabl Sync="TRUE">NH_NAT20</attrlabl><attalias Sync="TRUE">NH_NAT20</attalias><attrtype Sync="TRUE">Double</attrtype><attwidth Sync="TRUE">8</attwidth><atprecis Sync="TRUE">0</atprecis><attscale Sync="TRUE">0</attscale></attr><attr><attrlabl Sync="TRUE">NH_ASN20</attrlabl><attalias Sync="TRUE">NH_ASN20</attalias><attrtype Sync="TRUE">Double</attrtype><attwidth Sync="TRUE">8</attwidth><atprecis Sync="TRUE">0</atprecis><attscale Sync="TRUE">0</attscale></attr><attr><attrlabl Sync="TRUE">NH_BLK20</attrlabl><attalias Sync="TRUE">NH_BLK20</attalias><attrtype Sync="TRUE">Double</attrtype><attwidth Sync="TRUE">8</attwidth><atprecis Sync="TRUE">0</atprecis><attscale Sync="TRUE">0</attscale></attr><attr><attrlabl Sync="TRUE">NH_PAC20</attrlabl><attalias Sync="TRUE">NH_PAC20</attalias><attrtype Sync="TRUE">Double</attrtype><attwidth Sync="TRUE">8</attwidth><atprecis Sync="TRUE">0</atprecis><attscale Sync="TRUE">0</attscale></attr><attr><attrlabl Sync="TRUE">NH_OTH20</attrlabl><attalias Sync="TRUE">NH_OTH20</attalias><attrtype Sync="TRUE">Double</attrtype><attwidth Sync="TRUE">8</attwidth><atprecis Sync="TRUE">0</atprecis><attscale Sync="TRUE">0</attscale></attr><attr><attrlabl Sync="TRUE">NH_WHT20</attrlabl><attalias Sync="TRUE">NH_WHT20</attalias><attrtype Sync="TRUE">Double</attrtype><attwidth Sync="TRUE">8</attwidth><atprecis Sync="TRUE">0</atprecis><attscale Sync="TRUE">0</attscale></attr><attr><attrlabl Sync="TRUE">NH_MULT20</attrlabl><attalias Sync="TRUE">NH_MULT20</attalias><attrtype Sync="TRUE">Double</attrtype><attwidth Sync="TRUE">8</attwidth><atprecis Sync="TRUE">0</atprecis><attscale Sync="TRUE">0</attscale></attr><attr><attrlabl Sync="TRUE">HISP20</attrlabl><attalias Sync="TRUE">HISP20</attalias><attrtype Sync="TRUE">Double</attrtype><attwidth Sync="TRUE">8</attwidth><atprecis Sync="TRUE">0</atprecis><attscale Sync="TRUE">0</attscale></attr><attr><attrlabl Sync="TRUE">H_NAT20</attrlabl><attalias Sync="TRUE">H_NAT20</attalias><attrtype Sync="TRUE">Double</attrtype><attwidth Sync="TRUE">8</attwidth><atprecis Sync="TRUE">0</atprecis><attscale Sync="TRUE">0</attscale></attr><attr><attrlabl Sync="TRUE">H_ASN20</attrlabl><attalias Sync="TRUE">H_ASN20</attalias><attrtype Sync="TRUE">Double</attrtype><attwidth Sync="TRUE">8</attwidth><atprecis Sync="TRUE">0</atprecis><attscale Sync="TRUE">0</attscale></attr><attr><attrlabl Sync="TRUE">H_BLK20</attrlabl><attalias Sync="TRUE">H_BLK20</attalias><attrtype Sync="TRUE">Double</attrtype><attwidth Sync="TRUE">8</attwidth><atprecis Sync="TRUE">0</atprecis><attscale Sync="TRUE">0</attscale></attr><attr><attrlabl Sync="TRUE">H_PAC20</attrlabl><attalias Sync="TRUE">H_PAC20</attalias><attrtype Sync="TRUE">Double</attrtype><attwidth Sync="TRUE">8</attwidth><atprecis Sync="TRUE">0</atprecis><attscale Sync="TRUE">0</attscale></attr><attr><attrlabl Sync="TRUE">H_OTH20</attrlabl><attalias Sync="TRUE">H_OTH20</attalias><attrtype Sync="TRUE">Double</attrtype><attwidth Sync="TRUE">8</attwidth><atprecis Sync="TRUE">0</atprecis><attscale Sync="TRUE">0</attscale></attr><attr><attrlabl Sync="TRUE">H_WHT20</attrlabl><attalias Sync="TRUE">H_WHT20</attalias><attrtype Sync="TRUE">Double</attrtype><attwidth Sync="TRUE">8</attwidth><atprecis Sync="TRUE">0</atprecis><attscale Sync="TRUE">0</attscale></attr><attr><attrlabl Sync="TRUE">H_MULT20</attrlabl><attalias Sync="TRUE">H_MULT20</attalias><attrtype Sync="TRUE">Double</attrtype><attwidth Sync="TRUE">8</attwidth><atprecis Sync="TRUE">0</atprecis><attscale Sync="TRUE">0</attscale></attr><attr><attrlabl Sync="TRUE">NAT_AOIC20</attrlabl><attalias Sync="TRUE">NAT_AOIC20</attalias><attrtype Sync="TRUE">Double</attrtype><attwidth Sync="TRUE">8</attwidth><atprecis Sync="TRUE">0</atprecis><attscale Sync="TRUE">0</attscale></attr><attr><attrlabl Sync="TRUE">ASN_AOIC20</attrlabl><attalias Sync="TRUE">ASN_AOIC20</attalias><attrtype Sync="TRUE">Double</attrtype><attwidth Sync="TRUE">8</attwidth><atprecis Sync="TRUE">0</atprecis><attscale Sync="TRUE">0</attscale></attr><attr><attrlabl Sync="TRUE">BLK_AOIC20</attrlabl><attalias Sync="TRUE">BLK_AOIC20</attalias><attrtype Sync="TRUE">Double</attrtype><attwidth Sync="TRUE">8</attwidth><atprecis Sync="TRUE">0</atprecis><attscale Sync="TRUE">0</attscale></attr><attr><attrlabl Sync="TRUE">PAC_AOIC20</attrlabl><attalias Sync="TRUE">PAC_AOIC20</attalias><attrtype Sync="TRUE">Double</attrtype><attwidth Sync="TRUE">8</attwidth><atprecis Sync="TRUE">0</atprecis><attscale Sync="TRUE">0</attscale></attr><attr><attrlabl Sync="TRUE">OTH_AOIC20</attrlabl><attalias Sync="TRUE">OTH_AOIC20</attalias><attrtype Sync="TRUE">Double</attrtype><attwidth Sync="TRUE">8</attwidth><atprecis Sync="TRUE">0</atprecis><attscale Sync="TRUE">0</attscale></attr><attr><attrlabl Sync="TRUE">WHT_AOIC20</attrlabl><attalias Sync="TRUE">WHT_AOIC20</attalias><attrtype Sync="TRUE">Double</attrtype><attwidth Sync="TRUE">8</attwidth><atprecis Sync="TRUE">0</atprecis><attscale Sync="TRUE">0</attscale></attr><attr><attrlabl Sync="TRUE">NH18NAT20</attrlabl><attalias Sync="TRUE">NH18NAT20</attalias><attrtype Sync="TRUE">Double</attrtype><attwidth Sync="TRUE">8</attwidth><atprecis Sync="TRUE">0</atprecis><attscale Sync="TRUE">0</attscale></attr><attr><attrlabl Sync="TRUE">NH18ASN20</attrlabl><attalias Sync="TRUE">NH18ASN20</attalias><attrtype Sync="TRUE">Double</attrtype><attwidth Sync="TRUE">8</attwidth><atprecis Sync="TRUE">0</atprecis><attscale Sync="TRUE">0</attscale></attr><attr><attrlabl Sync="TRUE">NH18BLK20</attrlabl><attalias Sync="TRUE">NH18BLK20</attalias><attrtype Sync="TRUE">Double</attrtype><attwidth Sync="TRUE">8</attwidth><atprecis Sync="TRUE">0</atprecis><attscale Sync="TRUE">0</attscale></attr><attr><attrlabl Sync="TRUE">NH18PAC20</attrlabl><attalias Sync="TRUE">NH18PAC20</attalias><attrtype Sync="TRUE">Double</attrtype><attwidth Sync="TRUE">8</attwidth><atprecis Sync="TRUE">0</atprecis><attscale Sync="TRUE">0</attscale></attr><attr><attrlabl Sync="TRUE">NH18OTH20</attrlabl><attalias Sync="TRUE">NH18OTH20</attalias><attrtype Sync="TRUE">Double</attrtype><attwidth Sync="TRUE">8</attwidth><atprecis Sync="TRUE">0</atprecis><attscale Sync="TRUE">0</attscale></attr><attr><attrlabl Sync="TRUE">NH18WHT20</attrlabl><attalias Sync="TRUE">NH18WHT20</attalias><attrtype Sync="TRUE">Double</attrtype><attwidth Sync="TRUE">8</attwidth><atprecis Sync="TRUE">0</atprecis><attscale Sync="TRUE">0</attscale></attr><attr><attrlabl Sync="TRUE">NH18MULT20</attrlabl><attalias Sync="TRUE">NH18MULT20</attalias><attrtype Sync="TRUE">Double</attrtype><attwidth Sync="TRUE">8</attwidth><atprecis Sync="TRUE">0</atprecis><attscale Sync="TRUE">0</attscale></attr><attr><attrlabl Sync="TRUE">HISP18</attrlabl><attalias Sync="TRUE">HISP18</attalias><attrtype Sync="TRUE">Double</attrtype><attwidth Sync="TRUE">8</attwidth><atprecis Sync="TRUE">0</atprecis><attscale Sync="TRUE">0</attscale></attr><attr><attrlabl Sync="TRUE">H18NAT20</attrlabl><attalias Sync="TRUE">H18NAT20</attalias><attrtype Sync="TRUE">Double</attrtype><attwidth Sync="TRUE">8</attwidth><atprecis Sync="TRUE">0</atprecis><attscale Sync="TRUE">0</attscale></attr><attr><attrlabl Sync="TRUE">H18ASN20</attrlabl><attalias Sync="TRUE">H18ASN20</attalias><attrtype Sync="TRUE">Double</attrtype><attwidth Sync="TRUE">8</attwidth><atprecis Sync="TRUE">0</atprecis><attscale Sync="TRUE">0</attscale></attr><attr><attrlabl Sync="TRUE">H18BLK20</attrlabl><attalias Sync="TRUE">H18BLK20</attalias><attrtype Sync="TRUE">Double</attrtype><attwidth Sync="TRUE">8</attwidth><atprecis Sync="TRUE">0</atprecis><attscale Sync="TRUE">0</attscale></attr><attr><attrlabl Sync="TRUE">H18PAC20</attrlabl><attalias Sync="TRUE">H18PAC20</attalias><attrtype Sync="TRUE">Double</attrtype><attwidth Sync="TRUE">8</attwidth><atprecis Sync="TRUE">0</atprecis><attscale Sync="TRUE">0</attscale></attr><attr><attrlabl Sync="TRUE">H18OTH20</attrlabl><attalias Sync="TRUE">H18OTH20</attalias><attrtype Sync="TRUE">Double</attrtype><attwidth Sync="TRUE">8</attwidth><atprecis Sync="TRUE">0</atprecis><attscale Sync="TRUE">0</attscale></attr><attr><attrlabl Sync="TRUE">H18WHT20</attrlabl><attalias Sync="TRUE">H18WHT20</attalias><attrtype Sync="TRUE">Double</attrtype><attwidth Sync="TRUE">8</attwidth><atprecis Sync="TRUE">0</atprecis><attscale Sync="TRUE">0</attscale></attr><attr><attrlabl Sync="TRUE">H18MULT20</attrlabl><attalias Sync="TRUE">H18MULT20</attalias><attrtype Sync="TRUE">Double</attrtype><attwidth Sync="TRUE">8</attwidth><atprecis Sync="TRUE">0</atprecis><attscale Sync="TRUE">0</attscale></attr><attr><attrlabl Sync="TRUE">IGQ_COR20</attrlabl><attalias Sync="TRUE">IGQ_COR20</attalias><attrtype Sync="TRUE">Double</attrtype><attwidth Sync="TRUE">8</attwidth><atprecis Sync="TRUE">0</atprecis><attscale Sync="TRUE">0</attscale></attr><attr><attrlabl Sync="TRUE">IGQ_JUV20</attrlabl><attalias Sync="TRUE">IGQ_JUV20</attalias><attrtype Sync="TRUE">Double</attrtype><attwidth Sync="TRUE">8</attwidth><atprecis Sync="TRUE">0</atprecis><attscale Sync="TRUE">0</attscale></attr><attr><attrlabl Sync="TRUE">IGQ_NURS20</attrlabl><attalias Sync="TRUE">IGQ_NURS20</attalias><attrtype Sync="TRUE">Double</attrtype><attwidth Sync="TRUE">8</attwidth><atprecis Sync="TRUE">0</atprecis><attscale Sync="TRUE">0</attscale></attr><attr><attrlabl Sync="TRUE">IGQ_OTH20</attrlabl><attalias Sync="TRUE">IGQ_OTH20</attalias><attrtype Sync="TRUE">Double</attrtype><attwidth Sync="TRUE">8</attwidth><atprecis Sync="TRUE">0</atprecis><attscale Sync="TRUE">0</attscale></attr><attr><attrlabl Sync="TRUE">NGQ_COLL20</attrlabl><attalias Sync="TRUE">NGQ_COLL20</attalias><attrtype Sync="TRUE">Double</attrtype><attwidth Sync="TRUE">8</attwidth><atprecis Sync="TRUE">0</atprecis><attscale Sync="TRUE">0</attscale></attr><attr><attrlabl Sync="TRUE">NGQ_MIL20</attrlabl><attalias Sync="TRUE">NGQ_MIL20</attalias><attrtype Sync="TRUE">Double</attrtype><attwidth Sync="TRUE">8</attwidth><atprecis Sync="TRUE">0</atprecis><attscale Sync="TRUE">0</attscale></attr><attr><attrlabl Sync="TRUE">NGQOTH20</attrlabl><attalias Sync="TRUE">NGQOTH20</attalias><attrtype Sync="TRUE">Double</attrtype><attwidth Sync="TRUE">8</attwidth><atprecis Sync="TRUE">0</atprecis><attscale Sync="TRUE">0</attscale></attr><attr><attrlabl Sync="TRUE">AREALAND20</attrlabl><attalias Sync="TRUE">AREALAND20</attalias><attrtype Sync="TRUE">String</attrtype><attwidth Sync="TRUE">254</attwidth><atprecis Sync="TRUE">0</atprecis><attscale Sync="TRUE">0</attscale></attr><attr><attrlabl Sync="TRUE">AREAWATR20</attrlabl><attalias Sync="TRUE">AREAWATR20</attalias><attrtype Sync="TRUE">String</attrtype><attwidth Sync="TRUE">254</attwidth><atprecis Sync="TRUE">0</atprecis><attscale Sync="TRUE">0</attscale></attr><attr><attrlabl Sync="TRUE">ObjectID</attrlabl><attalias Sync="TRUE">ObjectID</attalias><attrtype Sync="TRUE">Integer</attrtype><attwidth Sync="TRUE">4</attwidth><atprecis Sync="TRUE">0</atprecis><attscale Sync="TRUE">0</attscale></attr><attr><attrlabl Sync="TRUE">Shape_Leng</attrlabl><attalias Sync="TRUE">Shape_Leng</attalias><attrtype Sync="TRUE">Double</attrtype><attwidth Sync="TRUE">8</attwidth><atprecis Sync="TRUE">0</atprecis><attscale Sync="TRUE">0</attscale></attr><attr><attrlabl Sync="TRUE">Shape_Length</attrlabl><attalias Sync="TRUE">Shape_Length</attalias><attrtype Sync="TRUE">Double</attrtype><attwidth Sync="TRUE">8</attwidth><atprecis Sync="TRUE">0</atprecis><attscale Sync="TRUE">0</attscale><attrdef Sync="TRUE">Length of feature in internal units.</attrdef><attrdefs Sync="TRUE">Esri</attrdefs><attrdomv><udom Sync="TRUE">Positive real numbers that are automatically generated.</udom></attrdomv></attr><attr><attrlabl Sync="TRUE">Shape_Area</attrlabl><attalias Sync="TRUE">Shape_Area</attalias><attrtype Sync="TRUE">Double</attrtype><attwidth Sync="TRUE">8</attwidth><atprecis Sync="TRUE">0</atprecis><attscale Sync="TRUE">0</attscale><attrdef Sync="TRUE">Area of feature in internal units squared.</attrdef><attrdefs Sync="TRUE">Esri</attrdefs><attrdomv><udom Sync="TRUE">Positive real numbers that are automatically generated.</udom></attrdomv></attr></detailed>
	</eainfo>
	<mdLang><languageCode value="eng" Sync="TRUE"/><countryCode value="USA" Sync="TRUE"/></mdLang><mdHrLvName Sync="TRUE">dataset</mdHrLvName><refSysInfo><RefSystem><refSysID><identCode code="3857" Sync="TRUE"/><idCodeSpace Sync="TRUE">EPSG</idCodeSpace><idVersion Sync="TRUE">6.18.3(9.3.1.2)</idVersion></refSysID></RefSystem></refSysInfo><spdoinfo><ptvctinf><esriterm Name="CensusBlockGroups"><efeatyp Sync="TRUE">Simple</efeatyp><efeageom code="4" Sync="TRUE"/><esritopo Sync="TRUE">FALSE</esritopo><efeacnt Sync="TRUE">2970</efeacnt><spindex Sync="TRUE">TRUE</spindex><linrefer Sync="TRUE">FALSE</linrefer></esriterm></ptvctinf></spdoinfo></metadata>
