<?xml version="1.0" encoding="UTF-8"?>
<metadata xml:lang="en"><Esri><CreaDate>20181028</CreaDate><CreaTime>18455200</CreaTime><ArcGISFormat>1.0</ArcGISFormat><ArcGISstyle>FGDC CSDGM Metadata</ArcGISstyle><SyncOnce>TRUE</SyncOnce><DataProperties><itemProps><itemLocation><linkage Sync="TRUE">file://\\usda.net\fs\FS\NFS\Willamette\Project\WIL\2520BAER\BAER2018\GIS\TerwilligerBAER\Data\Exports\ToGTAC\or4408412223820180819_20180818_20180928_SBS_metatdata.txt</linkage><protocol Sync="TRUE">Local Area Network</protocol></itemLocation></itemProps><copyHistory><copy source="T:\FS\NFS\Willamette\Project\WIL\2520BAER\BAER2018\GIS\TerwilligerBAER\Imagery\ProcessedData\BARC\or4408412223820180819_20180818_20180928_SBS_metatdata.txt" dest="\\usda.net\fs\FS\NFS\Willamette\Project\WIL\2520BAER\BAER2018\GIS\TerwilligerBAER\Data\Exports\ToGTAC\or4408412223820180819_20180818_20180928_SBS_metatdata.txt" date="20181028" time="18455200"></copy></copyHistory></DataProperties></Esri></metadata>
